{"loss": [0.5834278464317322, 0.5390414595603943, 0.5077729225158691, 0.49328550696372986, 0.49948424100875854, 0.4928804039955139, 0.48012444376945496, 0.4787129759788513, 0.481469064950943, 0.4828585386276245], "accuracy": [0.6885403990745544, 0.7212158441543579, 0.7419400215148926, 0.7521018385887146, 0.7466569542884827, 0.7522671222686768, 0.7599591612815857, 0.7607697248458862, 0.7590723633766174, 0.758319079875946], "val_loss": [0.5570213198661804, 0.5265190005302429, 0.48830562829971313, 0.49183449149131775, 0.4901387095451355, 0.4805886745452881, 0.4773937463760376, 0.4673633575439453, 0.4858802855014801, 0.47894251346588135], "val_accuracy": [0.7069278955459595, 0.7320635914802551, 0.7540081143379211, 0.7515924572944641, 0.7535631060600281, 0.7596912980079651, 0.7610390186309814, 0.7664679288864136, 0.7556101083755493, 0.7605685591697693]}